,A* cost to goal (dependant),State,x distance,y distance
0,18.0,Start,5,2
1,12.0,LEFT,5,2
2,6.0,LEFT,5,2
3,0.0,BASH,5,2
4,-11.0,FORWARD,4,2
5,-19.0,LEFT,3,2
6,-27.0,BASH,3,2
7,-38.0,FORWARD,3,1
8,-48.0,RIGHT,3,0
9,-58.0,BASH,3,0
10,-79.0,FORWARD,2,0
11,-98.0,FORWARD,1,0
12,1.0,Goal,0,0
13,4.0,Start,1,1
14,3.0,LEFT,1,1
15,2.0,LEFT,1,1
16,1.0,FORWARD,1,1
17,-3.0,RIGHT,0,1
18,-8.0,FORWARD,0,1
19,1.0,Goal,0,0
20,13.0,Start,0,4
21,10.0,LEFT,0,4
22,7.0,BASH,0,4
23,-4.0,FORWARD,0,3
24,-18.0,BASH,0,2
25,-35.0,FORWARD,0,1
26,1.0,Goal,0,0
27,12.0,Start,2,3
28,8.0,RIGHT,2,3
29,4.0,FORWARD,2,3
30,-5.0,BASH,2,2
31,-16.0,FORWARD,2,1
32,-27.0,LEFT,2,0
33,-39.0,FORWARD,2,0
34,-52.0,FORWARD,1,0
35,1.0,Goal,0,0
36,24.0,Start,6,0
37,19.0,FORWARD,6,0
38,11.0,BASH,5,0
39,-5.0,FORWARD,4,0
40,-25.0,BASH,3,0
41,-51.0,FORWARD,2,0
42,-76.0,FORWARD,1,0
43,1.0,Goal,0,0
44,22.0,Start,1,6
45,16.0,LEFT,1,6
46,10.0,BASH,1,6
47,1.0,FORWARD,1,5
48,-9.0,FORWARD,1,4
49,-18.0,BASH,1,3
50,-36.0,FORWARD,1,2
51,-53.0,RIGHT,1,1
52,-72.0,FORWARD,1,1
53,-94.0,LEFT,0,1
54,-117.0,FORWARD,0,1
55,1.0,Goal,0,0
56,14.0,Start,3,5
57,7.0,LEFT,3,5
58,0.0,LEFT,3,5
59,-7.0,FORWARD,3,5
60,-14.0,RIGHT,2,5
61,-21.0,FORWARD,2,5
62,-28.0,FORWARD,2,4
63,-35.0,LEFT,2,3
64,-42.0,FORWARD,2,3
65,-51.0,RIGHT,1,3
66,-61.0,FORWARD,1,3
67,-73.0,LEFT,1,2
68,-86.0,FORWARD,1,2
69,-100.0,RIGHT,0,2
70,-115.0,FORWARD,0,2
71,-129.0,FORWARD,0,1
72,1.0,Goal,0,0
73,13.0,Start,3,4
74,7.0,LEFT,3,4
75,1.0,BASH,3,4
76,-10.0,FORWARD,3,3
77,-21.0,RIGHT,3,2
78,-33.0,FORWARD,3,2
79,-44.0,LEFT,2,2
80,-55.0,BASH,2,2
81,-75.0,FORWARD,2,1
82,-88.0,RIGHT,2,0
83,-101.0,FORWARD,2,0
84,-114.0,FORWARD,1,0
85,1.0,Goal,0,0
86,0.0,Start,0,1
87,0.0,RIGHT,0,1
88,0.0,FORWARD,0,1
89,1.0,Goal,0,0
90,10.0,Start,4,1
91,6.0,BASH,4,1
92,-7.0,FORWARD,3,1
93,-13.0,BASH,2,1
94,-28.0,FORWARD,1,1
95,-38.0,RIGHT,0,1
96,-49.0,FORWARD,0,1
97,1.0,Goal,0,0
98,13.0,Start,3,2
99,9.0,BASH,3,2
100,0.0,FORWARD,2,2
101,-6.0,FORWARD,1,2
102,-17.0,RIGHT,0,2
103,-30.0,BASH,0,2
104,-50.0,FORWARD,0,1
105,1.0,Goal,0,0
106,14.0,Start,4,2
107,9.0,RIGHT,4,2
108,4.0,FORWARD,4,2
109,-1.0,FORWARD,4,1
110,-8.0,RIGHT,4,0
111,-16.0,BASH,4,0
112,-32.0,FORWARD,3,0
113,-46.0,BASH,2,0
114,-62.0,FORWARD,1,0
115,1.0,Goal,0,0
116,21.0,Start,4,5
117,13.0,BASH,4,5
118,0.0,FORWARD,3,5
119,-10.0,RIGHT,2,5
120,-20.0,BASH,2,5
121,-37.0,FORWARD,2,4
122,-51.0,BASH,2,3
123,-67.0,FORWARD,2,2
124,-84.0,FORWARD,2,1
125,-103.0,LEFT,2,0
126,-123.0,BASH,2,0
127,-146.0,FORWARD,1,0
128,1.0,Goal,0,0
129,4.0,Start,3,0
130,2.0,FORWARD,3,0
131,0.0,BASH,2,0
132,-11.0,FORWARD,1,0
133,1.0,Goal,0,0
134,19.0,Start,0,7
135,13.0,LEFT,0,7
136,7.0,FORWARD,0,7
137,-1.0,BASH,0,6
138,-14.0,FORWARD,0,5
139,-25.0,BASH,0,4
140,-41.0,FORWARD,0,3
141,-61.0,BASH,0,2
142,-86.0,FORWARD,0,1
143,1.0,Goal,0,0
144,24.0,Start,2,7
145,16.0,RIGHT,2,7
146,8.0,BASH,2,7
147,-9.0,FORWARD,2,6
148,-19.0,FORWARD,2,5
149,-32.0,BASH,2,4
150,-52.0,FORWARD,2,3
151,-68.0,LEFT,2,2
152,-85.0,BASH,2,2
153,-106.0,FORWARD,1,2
154,-130.0,RIGHT,0,2
155,-155.0,FORWARD,0,2
156,-179.0,FORWARD,0,1
157,1.0,Goal,0,0
158,29.0,Start,6,3
159,21.0,FORWARD,6,3
160,11.0,LEFT,7,3
161,1.0,BASH,7,3
162,-14.0,FORWARD,7,2
163,-26.0,FORWARD,7,1
164,-41.0,LEFT,7,0
165,-57.0,BASH,7,0
166,-80.0,FORWARD,6,0
167,-102.0,BASH,5,0
168,-127.0,FORWARD,4,0
169,-149.0,BASH,3,0
170,-183.0,FORWARD,2,0
171,-213.0,FORWARD,1,0
172,1.0,Goal,0,0
173,4.0,Start,1,2
174,2.0,RIGHT,1,2
175,0.0,BASH,1,2
176,-6.0,FORWARD,1,1
177,-10.0,LEFT,1,0
178,-14.0,FORWARD,1,0
179,1.0,Goal,0,0
180,11.0,Start,3,3
181,6.0,LEFT,3,3
182,1.0,BASH,3,3
183,-13.0,FORWARD,3,2
184,-23.0,FORWARD,3,1
185,-32.0,RIGHT,3,0
186,-41.0,FORWARD,3,0
187,-52.0,FORWARD,2,0
188,-64.0,FORWARD,1,0
189,1.0,Goal,0,0
190,22.0,Start,7,0
191,16.0,LEFT,7,0
192,10.0,LEFT,7,0
193,4.0,BASH,7,0
194,-7.0,FORWARD,6,0
195,-18.0,FORWARD,5,0
196,-31.0,BASH,4,0
197,-48.0,FORWARD,3,0
198,-71.0,BASH,2,0
199,-95.0,FORWARD,1,0
200,1.0,Goal,0,0
201,18.0,Start,4,1
202,14.0,LEFT,4,1
203,10.0,LEFT,4,1
204,6.0,FORWARD,4,1
205,2.0,RIGHT,3,1
206,-2.0,FORWARD,3,1
207,-12.0,LEFT,3,0
208,-24.0,BASH,3,0
209,-46.0,FORWARD,2,0
210,-65.0,FORWARD,1,0
211,1.0,Goal,0,0
212,27.0,Start,5,8
213,15.0,FORWARD,5,8
214,1.0,BASH,4,8
215,-21.0,FORWARD,3,8
216,-38.0,FORWARD,2,8
217,-54.0,LEFT,1,8
218,-70.0,FORWARD,1,8
219,-88.0,BASH,1,7
220,-113.0,FORWARD,1,6
221,-134.0,BASH,1,5
222,-157.0,FORWARD,1,4
223,-181.0,FORWARD,1,3
224,-204.0,RIGHT,1,2
225,-227.0,FORWARD,1,2
226,-252.0,LEFT,0,2
227,-278.0,BASH,0,2
228,-310.0,FORWARD,0,1
229,1.0,Goal,0,0
230,13.0,Start,3,1
231,10.0,BASH,3,1
232,-4.0,FORWARD,2,1
233,-14.0,FORWARD,1,1
234,-27.0,RIGHT,0,1
235,-41.0,FORWARD,0,1
236,1.0,Goal,0,0
237,20.0,Start,2,6
238,13.0,LEFT,2,6
239,6.0,LEFT,2,6
240,-1.0,BASH,2,6
241,-15.0,FORWARD,1,6
242,-26.0,LEFT,0,6
243,-38.0,BASH,0,6
244,-52.0,FORWARD,0,5
245,-67.0,BASH,0,4
246,-86.0,FORWARD,0,3
247,-105.0,BASH,0,2
248,-129.0,FORWARD,0,1
249,1.0,Goal,0,0
250,6.0,Start,1,1
251,5.0,LEFT,1,1
252,4.0,FORWARD,1,1
253,-2.0,RIGHT,1,0
254,-9.0,FORWARD,1,0
255,1.0,Goal,0,0
256,7.0,Start,3,1
257,4.0,BASH,3,1
258,-8.0,FORWARD,2,1
259,-13.0,LEFT,1,1
260,-18.0,FORWARD,1,1
261,-25.0,RIGHT,1,0
262,-33.0,FORWARD,1,0
263,1.0,Goal,0,0
264,18.0,Start,2,5
265,12.0,LEFT,2,5
266,6.0,FORWARD,2,5
267,-2.0,RIGHT,2,6
268,-10.0,FORWARD,2,6
269,-20.0,FORWARD,1,6
270,-29.0,RIGHT,0,6
271,-38.0,BASH,0,6
272,-55.0,FORWARD,0,5
273,-69.0,FORWARD,0,4
274,-84.0,BASH,0,3
275,-104.0,FORWARD,0,2
276,-123.0,FORWARD,0,1
277,1.0,Goal,0,0
278,14.0,Start,5,1
279,9.0,LEFT,5,1
280,4.0,FORWARD,5,1
281,-3.0,RIGHT,5,0
282,-11.0,FORWARD,5,0
283,-18.0,BASH,4,0
284,-30.0,FORWARD,3,0
285,-44.0,BASH,2,0
286,-59.0,FORWARD,1,0
287,1.0,Goal,0,0
288,21.0,Start,5,4
289,13.0,LEFT,5,4
290,5.0,FORWARD,5,4
291,-3.0,RIGHT,5,3
292,-11.0,BASH,5,3
293,-30.0,FORWARD,4,3
294,-45.0,BASH,3,3
295,-65.0,FORWARD,2,3
296,-82.0,LEFT,1,3
297,-100.0,FORWARD,1,3
298,-120.0,BASH,1,2
299,-144.0,FORWARD,1,1
300,-165.0,RIGHT,1,0
301,-186.0,FORWARD,1,0
302,1.0,Goal,0,0
303,21.0,Start,8,3
304,11.0,RIGHT,8,3
305,1.0,BASH,8,3
306,-15.0,FORWARD,8,2
307,-29.0,FORWARD,8,1
308,-44.0,RIGHT,8,0
309,-60.0,FORWARD,8,0
310,-75.0,FORWARD,7,0
311,-90.0,FORWARD,6,0
312,-108.0,BASH,5,0
313,-129.0,FORWARD,4,0
314,-148.0,FORWARD,3,0
315,-167.0,BASH,2,0
316,-191.0,FORWARD,1,0
317,1.0,Goal,0,0
318,9.0,Start,2,2
319,6.0,LEFT,2,2
320,3.0,LEFT,2,2
321,0.0,BASH,2,2
322,-10.0,FORWARD,1,2
323,-17.0,LEFT,0,2
324,-25.0,BASH,0,2
325,-40.0,FORWARD,0,1
326,1.0,Goal,0,0
327,3.0,Start,2,0
328,2.0,LEFT,2,0
329,1.0,LEFT,2,0
330,0.0,BASH,2,0
331,-7.0,FORWARD,1,0
332,1.0,Goal,0,0
333,23.0,Start,6,3
334,15.0,RIGHT,6,3
335,7.0,FORWARD,6,3
336,-4.0,BASH,6,2
337,-20.0,FORWARD,6,1
338,-37.0,RIGHT,6,0
339,-55.0,FORWARD,6,0
340,-72.0,FORWARD,5,0
341,-91.0,BASH,4,0
342,-118.0,FORWARD,3,0
343,-142.0,FORWARD,2,0
344,-165.0,FORWARD,1,0
345,1.0,Goal,0,0
346,24.0,Start,6,1
347,18.0,LEFT,6,1
348,12.0,FORWARD,6,1
349,0.0,LEFT,6,0
350,-14.0,BASH,6,0
351,-36.0,FORWARD,5,0
352,-54.0,FORWARD,4,0
353,-71.0,BASH,3,0
354,-100.0,FORWARD,2,0
355,-125.0,FORWARD,1,0
356,1.0,Goal,0,0
357,27.0,Start,3,6
358,19.0,LEFT,3,6
359,11.0,FORWARD,3,6
360,-2.0,BASH,3,5
361,-24.0,FORWARD,3,4
362,-43.0,FORWARD,3,3
363,-61.0,FORWARD,3,2
364,-81.0,FORWARD,3,1
365,-103.0,LEFT,3,0
366,-126.0,BASH,3,0
367,-159.0,FORWARD,2,0
368,-187.0,FORWARD,1,0
369,1.0,Goal,0,0
370,1.0,Goal,0,0
371,-1.0,Start,0,0
372,8.0,Start,2,2
373,5.0,LEFT,2,2
374,2.0,LEFT,2,2
375,-1.0,FORWARD,2,2
376,-6.0,FORWARD,1,2
377,-12.0,LEFT,0,2
378,-19.0,BASH,0,2
379,-28.0,FORWARD,0,1
380,1.0,Goal,0,0
381,1.0,Start,1,1
382,0.0,FORWARD,1,1
383,-1.0,RIGHT,0,1
384,-2.0,FORWARD,0,1
385,1.0,Goal,0,0
386,4.0,Start,0,3
387,2.0,LEFT,0,3
388,0.0,FORWARD,0,3
389,-2.0,BASH,0,2
390,-13.0,FORWARD,0,1
391,1.0,Goal,0,0
392,0.0,Start,0,1
393,0.0,RIGHT,0,1
394,0.0,FORWARD,0,1
395,1.0,Goal,0,0
396,15.0,Start,5,1
397,10.0,LEFT,5,1
398,5.0,LEFT,5,1
399,0.0,FORWARD,5,1
400,-7.0,FORWARD,4,1
401,-15.0,FORWARD,3,1
402,-25.0,RIGHT,2,1
403,-36.0,FORWARD,2,1
404,-49.0,LEFT,2,0
405,-63.0,BASH,2,0
406,-82.0,FORWARD,1,0
407,1.0,Goal,0,0
408,18.0,Start,0,6
409,13.0,LEFT,0,6
410,8.0,BASH,0,6
411,-9.0,FORWARD,0,5
412,-21.0,BASH,0,4
413,-39.0,FORWARD,0,3
414,-57.0,BASH,0,2
415,-82.0,FORWARD,0,1
416,1.0,Goal,0,0
417,25.0,Start,3,7
418,16.0,LEFT,3,7
419,7.0,BASH,3,7
420,-7.0,FORWARD,3,6
421,-29.0,BASH,3,5
422,-51.0,FORWARD,3,4
423,-73.0,BASH,3,3
424,-99.0,FORWARD,3,2
425,-124.0,LEFT,3,1
426,-150.0,FORWARD,3,1
427,-175.0,RIGHT,2,1
428,-200.0,FORWARD,2,1
429,-225.0,LEFT,2,0
430,-250.0,FORWARD,2,0
431,-275.0,FORWARD,1,0
432,1.0,Goal,0,0
433,14.0,Start,5,3
434,7.0,BASH,5,3
435,-3.0,FORWARD,4,3
436,-12.0,FORWARD,3,3
437,-21.0,FORWARD,2,3
438,-32.0,FORWARD,1,3
439,-42.0,RIGHT,0,3
440,-52.0,FORWARD,0,3
441,-65.0,BASH,0,2
442,-79.0,FORWARD,0,1
443,1.0,Goal,0,0
444,16.0,Start,3,4
445,10.0,LEFT,3,4
446,4.0,LEFT,3,4
447,-2.0,BASH,3,4
448,-13.0,FORWARD,2,4
449,-23.0,RIGHT,1,4
450,-34.0,BASH,1,4
451,-50.0,FORWARD,1,3
452,-65.0,FORWARD,1,2
453,-81.0,LEFT,1,1
454,-98.0,FORWARD,1,1
455,-114.0,RIGHT,0,1
456,-130.0,FORWARD,0,1
457,1.0,Goal,0,0
458,37.0,Start,3,8
459,27.0,LEFT,3,8
460,17.0,FORWARD,3,8
461,-4.0,BASH,3,7
462,-27.0,FORWARD,3,6
463,-49.0,FORWARD,3,5
464,-75.0,BASH,3,4
465,-104.0,FORWARD,3,3
466,-136.0,BASH,3,2
467,-170.0,FORWARD,3,1
468,-204.0,RIGHT,3,0
469,-239.0,FORWARD,3,0
470,-275.0,BASH,2,0
471,-317.0,FORWARD,1,0
472,1.0,Goal,0,0
473,8.0,Start,1,2
474,6.0,RIGHT,1,2
475,4.0,FORWARD,1,2
476,-4.0,LEFT,1,1
477,-13.0,FORWARD,1,1
478,-21.0,RIGHT,0,1
479,-29.0,FORWARD,0,1
480,1.0,Goal,0,0
481,1.0,Start,1,1
482,0.0,RIGHT,1,1
483,-1.0,FORWARD,1,1
484,-2.0,RIGHT,1,0
485,-3.0,FORWARD,1,0
486,1.0,Goal,0,0
487,0.0,Start,0,1
488,0.0,LEFT,0,1
489,0.0,FORWARD,0,1
490,1.0,Goal,0,0
491,14.0,Start,3,1
492,11.0,FORWARD,3,1
493,2.0,LEFT,2,1
494,-9.0,FORWARD,2,1
495,-21.0,RIGHT,2,0
496,-34.0,BASH,2,0
497,-54.0,FORWARD,1,0
498,1.0,Goal,0,0
499,1.0,Start,0,2
500,0.0,LEFT,0,2
501,-1.0,FORWARD,0,2
502,-2.0,FORWARD,0,1
503,1.0,Goal,0,0
504,23.0,Start,6,0
505,18.0,BASH,6,0
506,2.0,FORWARD,5,0
507,-14.0,FORWARD,4,0
508,-32.0,BASH,3,0
509,-59.0,FORWARD,2,0
510,-83.0,FORWARD,1,0
511,1.0,Goal,0,0
512,11.0,Start,1,4
513,7.0,LEFT,1,4
514,3.0,LEFT,1,4
515,-1.0,FORWARD,1,4
516,-7.0,RIGHT,0,4
517,-14.0,BASH,0,4
518,-26.0,FORWARD,0,3
519,-36.0,BASH,0,2
520,-47.0,FORWARD,0,1
521,1.0,Goal,0,0
522,13.0,Start,2,3
523,9.0,FORWARD,2,3
524,3.0,RIGHT,1,3
525,-4.0,FORWARD,1,3
526,-13.0,BASH,1,2
527,-31.0,FORWARD,1,1
528,-44.0,LEFT,1,0
529,-58.0,FORWARD,1,0
530,1.0,Goal,0,0
531,17.0,Start,1,5
532,12.0,RIGHT,1,5
533,7.0,BASH,1,5
534,-10.0,FORWARD,1,4
535,-22.0,BASH,1,3
536,-38.0,FORWARD,1,2
537,-53.0,FORWARD,1,1
538,-70.0,RIGHT,1,0
539,-88.0,FORWARD,1,0
540,1.0,Goal,0,0
541,9.0,Start,2,1
542,7.0,BASH,2,1
543,0.0,FORWARD,1,1
544,-9.0,LEFT,0,1
545,-19.0,FORWARD,0,1
546,1.0,Goal,0,0
547,11.0,Start,2,3
548,7.0,RIGHT,2,3
549,3.0,BASH,2,3
550,-4.0,FORWARD,2,2
551,-10.0,FORWARD,2,1
552,-21.0,LEFT,2,0
553,-33.0,FORWARD,2,0
554,-44.0,FORWARD,1,0
555,1.0,Goal,0,0
556,22.0,Start,4,6
557,13.0,BASH,4,6
558,-5.0,FORWARD,3,6
559,-18.0,LEFT,2,6
560,-32.0,FORWARD,2,6
561,-45.0,FORWARD,2,5
562,-60.0,BASH,2,4
563,-77.0,FORWARD,2,3
564,-96.0,BASH,2,2
565,-123.0,FORWARD,2,1
566,-145.0,RIGHT,2,0
567,-168.0,FORWARD,2,0
568,-190.0,FORWARD,1,0
569,1.0,Goal,0,0
570,15.0,Start,3,3
571,10.0,LEFT,3,3
572,5.0,LEFT,3,3
573,0.0,BASH,3,3
574,-12.0,FORWARD,2,3
575,-19.0,FORWARD,1,3
576,-31.0,RIGHT,0,3
577,-46.0,BASH,0,3
578,-67.0,FORWARD,0,2
579,-82.0,FORWARD,0,1
580,1.0,Goal,0,0
581,12.0,Start,3,3
582,7.0,LEFT,3,3
583,2.0,FORWARD,3,3
584,-5.0,LEFT,3,2
585,-13.0,FORWARD,3,2
586,-22.0,BASH,2,2
587,-33.0,FORWARD,1,2
588,-43.0,RIGHT,0,2
589,-53.0,BASH,0,2
590,-67.0,FORWARD,0,1
591,1.0,Goal,0,0
592,7.0,Start,1,3
593,4.0,LEFT,1,3
594,1.0,LEFT,1,3
595,-2.0,FORWARD,1,3
596,-7.0,RIGHT,0,3
597,-13.0,FORWARD,0,3
598,-18.0,BASH,0,2
599,-30.0,FORWARD,0,1
600,1.0,Goal,0,0
601,19.0,Start,4,5
602,11.0,LEFT,4,5
603,3.0,FORWARD,4,5
604,-7.0,FORWARD,4,4
605,-16.0,FORWARD,4,3
606,-27.0,LEFT,4,2
607,-39.0,FORWARD,4,2
608,-52.0,BASH,3,2
609,-74.0,FORWARD,2,2
610,-91.0,RIGHT,1,2
611,-109.0,BASH,1,2
612,-131.0,FORWARD,1,1
613,-150.0,LEFT,1,0
614,-169.0,FORWARD,1,0
615,1.0,Goal,0,0
616,0.0,Start,1,0
617,0.0,FORWARD,1,0
618,1.0,Goal,0,0
619,23.0,Start,2,8
620,14.0,LEFT,2,8
621,5.0,FORWARD,2,8
622,-6.0,FORWARD,2,7
623,-16.0,BASH,2,6
624,-31.0,FORWARD,2,5
625,-43.0,LEFT,2,4
626,-55.0,BASH,2,4
627,-77.0,FORWARD,1,4
628,-93.0,RIGHT,0,4
629,-110.0,BASH,0,4
630,-134.0,FORWARD,0,3
631,-157.0,BASH,0,2
632,-186.0,FORWARD,0,1
633,1.0,Goal,0,0
634,13.0,Start,4,2
635,8.0,LEFT,4,2
636,3.0,FORWARD,4,2
637,-4.0,RIGHT,4,1
638,-12.0,FORWARD,4,1
639,-21.0,LEFT,3,1
640,-31.0,FORWARD,3,1
641,-40.0,RIGHT,3,0
642,-49.0,FORWARD,3,0
643,-61.0,BASH,2,0
644,-75.0,FORWARD,1,0
645,1.0,Goal,0,0
646,1.0,Goal,0,0
647,-1.0,Start,0,0
648,27.0,Start,3,5
649,20.0,RIGHT,3,5
650,13.0,BASH,3,5
651,-5.0,FORWARD,3,4
652,-20.0,LEFT,3,3
653,-37.0,FORWARD,3,3
654,-57.0,BASH,2,3
655,-83.0,FORWARD,1,3
656,-106.0,RIGHT,0,3
657,-130.0,FORWARD,0,3
658,-156.0,BASH,0,2
659,-190.0,FORWARD,0,1
660,1.0,Goal,0,0
661,15.0,Start,3,5
662,8.0,LEFT,3,5
663,1.0,FORWARD,3,5
664,-8.0,LEFT,3,4
665,-18.0,BASH,3,4
666,-33.0,FORWARD,2,4
667,-44.0,FORWARD,1,4
668,-55.0,RIGHT,0,4
669,-66.0,FORWARD,0,4
670,-80.0,BASH,0,3
671,-100.0,FORWARD,0,2
672,-115.0,FORWARD,0,1
673,1.0,Goal,0,0
674,13.0,Start,2,4
675,8.0,LEFT,2,4
676,3.0,BASH,2,4
677,-6.0,FORWARD,2,3
678,-13.0,LEFT,2,2
679,-20.0,BASH,2,2
680,-37.0,FORWARD,1,2
681,-48.0,RIGHT,0,2
682,-60.0,BASH,0,2
683,-80.0,FORWARD,0,1
684,1.0,Goal,0,0
685,11.0,Start,5,1
686,6.0,FORWARD,5,1
687,1.0,BASH,4,1
688,-7.0,FORWARD,3,1
689,-14.0,BASH,2,1
690,-27.0,FORWARD,1,1
691,-38.0,RIGHT,0,1
692,-50.0,FORWARD,0,1
693,1.0,Goal,0,0
694,2.0,Start,2,0
695,1.0,LEFT,2,0
696,0.0,LEFT,2,0
697,-1.0,FORWARD,2,0
698,-4.0,FORWARD,1,0
699,1.0,Goal,0,0
700,25.0,Start,0,8
701,18.0,RIGHT,0,8
702,11.0,FORWARD,0,8
703,-5.0,BASH,0,7
704,-23.0,FORWARD,0,6
705,-40.0,FORWARD,0,5
706,-62.0,BASH,0,4
707,-89.0,FORWARD,0,3
708,-114.0,FORWARD,0,2
709,-140.0,FORWARD,0,1
710,1.0,Goal,0,0
711,0.0,Start,0,1
712,0.0,RIGHT,0,1
713,0.0,FORWARD,0,1
714,1.0,Goal,0,0
715,21.0,Start,3,5
716,14.0,LEFT,3,5
717,7.0,LEFT,3,5
718,0.0,BASH,3,5
719,-16.0,FORWARD,2,5
720,-27.0,LEFT,1,5
721,-39.0,BASH,1,5
722,-61.0,FORWARD,1,4
723,-80.0,BASH,1,3
724,-100.0,FORWARD,1,2
725,-119.0,FORWARD,1,1
726,-140.0,RIGHT,1,0
727,-162.0,FORWARD,1,0
728,1.0,Goal,0,0
729,20.0,Start,7,0
730,14.0,LEFT,7,0
731,8.0,LEFT,7,0
732,2.0,FORWARD,7,0
733,-9.0,BASH,6,0
734,-29.0,FORWARD,5,0
735,-48.0,BASH,4,0
736,-71.0,FORWARD,3,0
737,-89.0,BASH,2,0
738,-113.0,FORWARD,1,0
739,1.0,Goal,0,0
740,17.0,Start,5,4
741,9.0,RIGHT,5,4
742,1.0,BASH,5,4
743,-10.0,FORWARD,5,3
744,-22.0,FORWARD,5,2
745,-33.0,FORWARD,5,1
746,-44.0,LEFT,5,0
747,-55.0,BASH,5,0
748,-69.0,FORWARD,4,0
749,-84.0,BASH,3,0
750,-105.0,FORWARD,2,0
751,-123.0,FORWARD,1,0
752,1.0,Goal,0,0
753,7.0,Start,4,0
754,4.0,RIGHT,4,0
755,1.0,FORWARD,4,0
756,-4.0,RIGHT,4,1
757,-9.0,BASH,4,1
758,-20.0,FORWARD,3,1
759,-27.0,FORWARD,2,1
760,-34.0,RIGHT,1,1
761,-41.0,FORWARD,1,1
762,-48.0,LEFT,1,0
763,-55.0,FORWARD,1,0
764,1.0,Goal,0,0
765,10.0,Start,1,4
766,6.0,RIGHT,1,4
767,2.0,FORWARD,1,4
768,-5.0,BASH,1,3
769,-17.0,FORWARD,1,2
770,-28.0,FORWARD,1,1
771,-38.0,LEFT,1,0
772,-48.0,FORWARD,1,0
773,1.0,Goal,0,0
774,27.0,Start,8,3
775,17.0,RIGHT,8,3
776,7.0,FORWARD,8,3
777,-3.0,FORWARD,8,2
778,-15.0,BASH,8,1
779,-35.0,FORWARD,8,0
780,-50.0,RIGHT,8,1
781,-65.0,BASH,8,1
782,-89.0,FORWARD,7,1
783,-106.0,BASH,6,1
784,-135.0,FORWARD,5,1
785,-161.0,FORWARD,4,1
786,-187.0,FORWARD,3,1
787,-212.0,BASH,2,1
788,-245.0,FORWARD,1,1
789,-272.0,RIGHT,0,1
790,-299.0,FORWARD,0,1
791,1.0,Goal,0,0
792,34.0,Start,7,6
793,22.0,RIGHT,7,6
794,10.0,BASH,7,6
795,-8.0,FORWARD,7,5
796,-22.0,LEFT,7,4
797,-36.0,FORWARD,7,4
798,-52.0,FORWARD,6,4
799,-67.0,RIGHT,5,4
800,-82.0,FORWARD,5,4
801,-97.0,LEFT,5,3
802,-112.0,BASH,5,3
803,-139.0,FORWARD,4,3
804,-166.0,FORWARD,3,3
805,-193.0,BASH,2,3
806,-227.0,FORWARD,1,3
807,-257.0,RIGHT,0,3
808,-288.0,FORWARD,0,3
809,-321.0,BASH,0,2
810,-359.0,FORWARD,0,1
811,1.0,Goal,0,0
812,6.0,Start,0,3
813,4.0,LEFT,0,3
814,2.0,BASH,0,3
815,-5.0,FORWARD,0,2
816,-12.0,FORWARD,0,1
817,1.0,Goal,0,0
818,12.0,Start,2,3
819,8.0,RIGHT,2,3
820,4.0,FORWARD,2,3
821,-2.0,BASH,2,2
822,-15.0,FORWARD,2,1
823,-25.0,LEFT,2,0
824,-36.0,BASH,2,0
825,-55.0,FORWARD,1,0
826,1.0,Goal,0,0
827,24.0,Start,5,4
828,16.0,BASH,5,4
829,1.0,FORWARD,4,4
830,-9.0,BASH,3,4
831,-29.0,FORWARD,2,4
832,-44.0,RIGHT,1,4
833,-60.0,BASH,1,4
834,-81.0,FORWARD,1,3
835,-100.0,FORWARD,1,2
836,-120.0,FORWARD,1,1
837,-144.0,LEFT,1,0
838,-169.0,FORWARD,1,0
839,1.0,Goal,0,0
840,12.0,Start,5,0
841,8.0,LEFT,5,0
842,4.0,LEFT,5,0
843,0.0,FORWARD,5,0
844,-4.0,BASH,4,0
845,-11.0,FORWARD,3,0
846,-23.0,BASH,2,0
847,-37.0,FORWARD,1,0
848,1.0,Goal,0,0
849,20.0,Start,3,5
850,13.0,LEFT,3,5
851,6.0,FORWARD,3,5
852,-4.0,BASH,3,4
853,-21.0,FORWARD,3,3
854,-34.0,RIGHT,3,2
855,-48.0,BASH,3,2
856,-66.0,FORWARD,2,2
857,-84.0,LEFT,1,2
858,-103.0,BASH,1,2
859,-126.0,FORWARD,1,1
860,-146.0,RIGHT,1,0
861,-166.0,FORWARD,1,0
862,1.0,Goal,0,0
863,8.0,Start,1,3
864,5.0,RIGHT,1,3
865,2.0,FORWARD,1,3
866,-3.0,LEFT,1,2
867,-9.0,FORWARD,1,2
868,-17.0,RIGHT,0,2
869,-26.0,FORWARD,0,2
870,-34.0,FORWARD,0,1
871,1.0,Goal,0,0
872,20.0,Start,4,4
873,13.0,RIGHT,4,4
874,6.0,FORWARD,4,4
875,-4.0,RIGHT,4,3
876,-15.0,FORWARD,4,3
877,-30.0,BASH,3,3
878,-50.0,FORWARD,2,3
879,-65.0,LEFT,1,3
880,-80.0,BASH,1,3
881,-101.0,FORWARD,1,2
882,-122.0,FORWARD,1,1
883,-142.0,RIGHT,1,0
884,-162.0,FORWARD,1,0
885,1.0,Goal,0,0
886,15.0,Start,4,2
887,10.0,BASH,4,2
888,-4.0,FORWARD,3,2
889,-13.0,BASH,2,2
890,-29.0,FORWARD,1,2
891,-44.0,RIGHT,0,2
892,-60.0,FORWARD,0,2
893,-75.0,FORWARD,0,1
894,1.0,Goal,0,0
895,3.0,Start,0,2
896,2.0,RIGHT,0,2
897,1.0,BASH,0,2
898,-5.0,FORWARD,0,1
899,1.0,Goal,0,0
900,12.0,Start,3,2
901,8.0,LEFT,3,2
902,4.0,LEFT,3,2
903,0.0,FORWARD,3,2
904,-6.0,FORWARD,2,2
905,-11.0,FORWARD,1,2
906,-21.0,LEFT,0,2
907,-33.0,BASH,0,2
908,-52.0,FORWARD,0,1
909,1.0,Goal,0,0
910,11.0,Start,2,3
911,7.0,RIGHT,2,3
912,3.0,BASH,2,3
913,-10.0,FORWARD,2,2
914,-20.0,FORWARD,2,1
915,-29.0,LEFT,2,0
916,-38.0,BASH,2,0
917,-53.0,FORWARD,1,0
918,1.0,Goal,0,0
919,4.0,Start,1,1
920,3.0,FORWARD,1,1
921,-1.0,RIGHT,0,1
922,-6.0,FORWARD,0,1
923,1.0,Goal,0,0
924,12.0,Start,2,3
925,8.0,LEFT,2,3
926,4.0,LEFT,2,3
927,0.0,FORWARD,2,3
928,-4.0,RIGHT,1,3
929,-8.0,BASH,1,3
930,-22.0,FORWARD,1,2
931,-30.0,FORWARD,1,1
932,-42.0,LEFT,1,0
933,-55.0,FORWARD,1,0
934,1.0,Goal,0,0
935,15.0,Start,4,3
936,9.0,RIGHT,4,3
937,3.0,FORWARD,4,3
938,-5.0,LEFT,4,2
939,-14.0,FORWARD,4,2
940,-22.0,BASH,3,2
941,-38.0,FORWARD,2,2
942,-52.0,FORWARD,1,2
943,-65.0,RIGHT,0,2
944,-78.0,BASH,0,2
945,-97.0,FORWARD,0,1
946,1.0,Goal,0,0
947,0.0,Start,1,0
948,0.0,FORWARD,1,0
949,1.0,Goal,0,0
950,22.0,Start,2,5
951,16.0,FORWARD,2,5
952,5.0,RIGHT,1,5
953,-8.0,BASH,1,5
954,-28.0,FORWARD,1,4
955,-46.0,BASH,1,3
956,-73.0,FORWARD,1,2
957,-94.0,FORWARD,1,1
958,-116.0,LEFT,1,0
959,-139.0,FORWARD,1,0
960,1.0,Goal,0,0
961,8.0,Start,3,2
962,4.0,RIGHT,3,2
963,0.0,BASH,3,2
964,-13.0,FORWARD,3,1
965,-19.0,RIGHT,3,0
966,-25.0,BASH,3,0
967,-40.0,FORWARD,2,0
968,-48.0,FORWARD,1,0
969,1.0,Goal,0,0
970,1.0,Start,1,1
971,0.0,FORWARD,1,1
972,-1.0,LEFT,0,1
973,-2.0,FORWARD,0,1
974,1.0,Goal,0,0
975,22.0,Start,4,3
976,16.0,LEFT,4,3
977,10.0,FORWARD,4,3
978,0.0,RIGHT,4,4
979,-11.0,BASH,4,4
980,-24.0,FORWARD,3,4
981,-41.0,BASH,2,4
982,-59.0,FORWARD,1,4
983,-76.0,RIGHT,0,4
984,-93.0,BASH,0,4
985,-116.0,FORWARD,0,3
986,-137.0,BASH,0,2
987,-160.0,FORWARD,0,1
988,1.0,Goal,0,0
989,25.0,Start,5,3
990,18.0,RIGHT,5,3
991,11.0,BASH,5,3
992,-1.0,FORWARD,5,2
993,-16.0,RIGHT,5,1
994,-33.0,BASH,5,1
995,-57.0,FORWARD,4,1
996,-80.0,FORWARD,3,1
997,-103.0,LEFT,2,1
998,-127.0,FORWARD,2,1
999,-150.0,RIGHT,2,0
1000,-173.0,BASH,2,0
1001,-204.0,FORWARD,1,0
1002,1.0,Goal,0,0
1003,5.0,Start,2,1
1004,3.0,FORWARD,2,1
1005,1.0,LEFT,1,1
1006,-1.0,FORWARD,1,1
1007,-6.0,RIGHT,1,0
1008,-12.0,FORWARD,1,0
1009,1.0,Goal,0,0
1010,5.0,Start,3,1
1011,2.0,LEFT,3,1
1012,-1.0,LEFT,3,1
1013,-4.0,BASH,3,1
1014,-12.0,FORWARD,2,1
1015,-17.0,RIGHT,1,1
1016,-22.0,FORWARD,1,1
1017,-27.0,LEFT,1,0
1018,-32.0,FORWARD,1,0
1019,1.0,Goal,0,0
1020,8.0,Start,1,4
1021,4.0,LEFT,1,4
1022,0.0,LEFT,1,4
1023,-4.0,FORWARD,1,4
1024,-8.0,LEFT,0,4
1025,-12.0,FORWARD,0,4
1026,-19.0,BASH,0,3
1027,-33.0,FORWARD,0,2
1028,-41.0,FORWARD,0,1
1029,1.0,Goal,0,0
1030,31.0,Start,1,7
1031,24.0,LEFT,1,7
1032,17.0,FORWARD,1,7
1033,5.0,LEFT,1,6
1034,-9.0,BASH,1,6
1035,-32.0,FORWARD,0,6
1036,-53.0,RIGHT,1,6
1037,-76.0,BASH,1,6
1038,-103.0,FORWARD,1,5
1039,-126.0,BASH,1,4
1040,-156.0,FORWARD,1,3
1041,-183.0,RIGHT,1,2
1042,-211.0,FORWARD,1,2
1043,-240.0,LEFT,0,2
1044,-270.0,BASH,0,2
1045,-303.0,FORWARD,0,1
1046,1.0,Goal,0,0
1047,23.0,Start,5,3
1048,16.0,LEFT,5,3
1049,9.0,LEFT,5,3
1050,2.0,BASH,5,3
1051,-14.0,FORWARD,4,3
1052,-23.0,FORWARD,3,3
1053,-34.0,BASH,2,3
1054,-52.0,FORWARD,1,3
1055,-70.0,RIGHT,0,3
1056,-90.0,BASH,0,3
1057,-120.0,FORWARD,0,2
1058,-144.0,FORWARD,0,1
1059,1.0,Goal,0,0
1060,16.0,Start,5,0
1061,12.0,BASH,5,0
1062,-1.0,FORWARD,4,0
1063,-10.0,FORWARD,3,0
1064,-27.0,BASH,2,0
1065,-46.0,FORWARD,1,0
1066,1.0,Goal,0,0
1067,3.0,Start,0,2
1068,2.0,RIGHT,0,2
1069,1.0,BASH,0,2
1070,-6.0,FORWARD,0,1
1071,1.0,Goal,0,0
1072,36.0,Start,8,8
1073,21.0,RIGHT,8,8
1074,6.0,FORWARD,8,8
1075,-9.0,BASH,8,7
1076,-28.0,FORWARD,8,6
1077,-45.0,FORWARD,8,5
1078,-62.0,RIGHT,8,4
1079,-79.0,BASH,8,4
1080,-104.0,FORWARD,7,4
1081,-129.0,FORWARD,6,4
1082,-154.0,FORWARD,5,4
1083,-180.0,LEFT,4,4
1084,-207.0,FORWARD,4,4
1085,-235.0,RIGHT,4,3
1086,-264.0,FORWARD,4,3
1087,-294.0,BASH,3,3
1088,-332.0,FORWARD,2,3
1089,-363.0,FORWARD,1,3
1090,-396.0,LEFT,0,3
1091,-430.0,FORWARD,0,3
1092,-465.0,BASH,0,2
1093,-507.0,FORWARD,0,1
1094,1.0,Goal,0,0
1095,36.0,Start,7,6
1096,24.0,LEFT,7,6
1097,12.0,LEFT,7,6
1098,0.0,FORWARD,7,6
1099,-14.0,FORWARD,6,6
1100,-33.0,BASH,5,6
1101,-54.0,FORWARD,4,6
1102,-76.0,RIGHT,3,6
1103,-99.0,FORWARD,3,6
1104,-126.0,BASH,3,5
1105,-160.0,FORWARD,3,4
1106,-189.0,BASH,3,3
1107,-224.0,FORWARD,3,2
1108,-256.0,LEFT,3,1
1109,-289.0,FORWARD,3,1
1110,-323.0,FORWARD,2,1
1111,-358.0,FORWARD,1,1
1112,-394.0,RIGHT,0,1
1113,-431.0,FORWARD,0,1
1114,1.0,Goal,0,0
1115,16.0,Start,6,0
1116,11.0,BASH,6,0
1117,0.0,FORWARD,5,0
1118,-16.0,BASH,4,0
1119,-36.0,FORWARD,3,0
1120,-53.0,FORWARD,2,0
1121,-69.0,FORWARD,1,0
1122,1.0,Goal,0,0
1123,9.0,Start,3,3
1124,4.0,RIGHT,3,3
1125,-1.0,FORWARD,3,3
1126,-6.0,LEFT,3,2
1127,-11.0,BASH,3,2
1128,-23.0,FORWARD,2,2
1129,-30.0,FORWARD,1,2
1130,-37.0,RIGHT,0,2
1131,-44.0,BASH,0,2
1132,-54.0,FORWARD,0,1
1133,1.0,Goal,0,0
1134,19.0,Start,5,3
1135,12.0,LEFT,5,3
1136,5.0,LEFT,5,3
1137,-2.0,FORWARD,5,3
1138,-9.0,LEFT,4,3
1139,-16.0,FORWARD,4,3
1140,-28.0,BASH,4,2
1141,-43.0,FORWARD,4,1
1142,-55.0,RIGHT,4,0
1143,-67.0,FORWARD,4,0
1144,-81.0,FORWARD,3,0
1145,-100.0,BASH,2,0
1146,-119.0,FORWARD,1,0
1147,1.0,Goal,0,0
1148,3.0,Start,2,0
1149,2.0,BASH,2,0
1150,-6.0,FORWARD,1,0
1151,1.0,Goal,0,0
1152,7.0,Start,1,1
1153,6.0,FORWARD,1,1
1154,-1.0,RIGHT,0,1
1155,-9.0,FORWARD,0,1
1156,1.0,Goal,0,0
1157,23.0,Start,7,4
1158,13.0,RIGHT,7,4
1159,3.0,FORWARD,7,4
1160,-9.0,BASH,7,3
1161,-25.0,FORWARD,7,2
1162,-40.0,FORWARD,7,1
1163,-54.0,RIGHT,7,0
1164,-68.0,BASH,7,0
1165,-91.0,FORWARD,6,0
1166,-110.0,BASH,5,0
1167,-131.0,FORWARD,4,0
1168,-153.0,BASH,3,0
1169,-182.0,FORWARD,2,0
1170,-205.0,FORWARD,1,0
1171,1.0,Goal,0,0
1172,4.0,Start,1,2
1173,2.0,RIGHT,1,2
1174,0.0,BASH,1,2
1175,-11.0,FORWARD,1,1
1176,-15.0,LEFT,1,0
1177,-19.0,FORWARD,1,0
1178,1.0,Goal,0,0
1179,28.0,Start,4,6
1180,19.0,RIGHT,4,6
1181,10.0,BASH,4,6
1182,-10.0,FORWARD,4,5
1183,-26.0,LEFT,4,4
1184,-44.0,FORWARD,4,4
1185,-62.0,FORWARD,3,4
1186,-81.0,BASH,2,4
1187,-105.0,FORWARD,1,4
1188,-125.0,RIGHT,0,4
1189,-145.0,BASH,0,4
1190,-177.0,FORWARD,0,3
1191,-205.0,BASH,0,2
1192,-240.0,FORWARD,0,1
1193,1.0,Goal,0,0
1194,20.0,Start,5,0
1195,16.0,BASH,5,0
1196,0.0,FORWARD,4,0
1197,-18.0,BASH,3,0
1198,-40.0,FORWARD,2,0
1199,-61.0,FORWARD,1,0
1200,1.0,Goal,0,0
1201,24.0,Start,6,3
1202,16.0,LEFT,6,3
1203,8.0,LEFT,6,3
1204,0.0,BASH,6,3
1205,-13.0,FORWARD,5,3
1206,-23.0,RIGHT,4,3
1207,-33.0,BASH,4,3
1208,-52.0,FORWARD,4,2
1209,-66.0,LEFT,4,1
1210,-81.0,FORWARD,4,1
1211,-95.0,RIGHT,3,1
1212,-109.0,FORWARD,3,1
1213,-128.0,LEFT,3,0
1214,-149.0,FORWARD,3,0
1215,-173.0,BASH,2,0
1216,-198.0,FORWARD,1,0
1217,1.0,Goal,0,0
1218,1.0,Start,1,1
1219,0.0,FORWARD,1,1
1220,-1.0,RIGHT,0,1
1221,-2.0,FORWARD,0,1
1222,1.0,Goal,0,0
1223,10.0,Start,2,2
1224,7.0,RIGHT,2,2
1225,4.0,BASH,2,2
1226,-4.0,FORWARD,2,1
1227,-12.0,LEFT,2,0
1228,-21.0,BASH,2,0
1229,-38.0,FORWARD,1,0
1230,1.0,Goal,0,0
1231,32.0,Start,2,8
1232,23.0,LEFT,2,8
1233,14.0,BASH,2,8
1234,-1.0,FORWARD,2,7
1235,-21.0,BASH,2,6
1236,-44.0,FORWARD,2,5
1237,-68.0,BASH,2,4
1238,-98.0,FORWARD,2,3
1239,-124.0,RIGHT,2,2
1240,-151.0,BASH,2,2
1241,-184.0,FORWARD,1,2
1242,-214.0,LEFT,0,2
1243,-245.0,BASH,0,2
1244,-279.0,FORWARD,0,1
1245,1.0,Goal,0,0
1246,19.0,Start,1,5
1247,14.0,LEFT,1,5
1248,9.0,BASH,1,5
1249,-7.0,FORWARD,1,4
1250,-17.0,RIGHT,1,3
1251,-28.0,FORWARD,1,3
1252,-41.0,LEFT,0,3
1253,-55.0,FORWARD,0,3
1254,-74.0,BASH,0,2
1255,-98.0,FORWARD,0,1
1256,1.0,Goal,0,0
1257,1.0,Goal,0,0
1258,-1.0,Start,0,0
1259,15.0,Start,3,3
1260,10.0,RIGHT,3,3
1261,5.0,BASH,3,3
1262,-11.0,FORWARD,3,2
1263,-21.0,LEFT,3,1
1264,-32.0,FORWARD,3,1
1265,-47.0,BASH,2,1
1266,-63.0,FORWARD,1,1
1267,-78.0,RIGHT,0,1
1268,-93.0,FORWARD,0,1
1269,1.0,Goal,0,0
1270,3.0,Start,1,2
1271,1.0,LEFT,1,2
1272,-1.0,FORWARD,1,2
1273,-5.0,FORWARD,1,1
1274,-8.0,LEFT,1,0
1275,-11.0,FORWARD,1,0
1276,1.0,Goal,0,0
1277,14.0,Start,5,2
1278,8.0,FORWARD,5,2
1279,-1.0,BASH,4,2
1280,-14.0,FORWARD,3,2
1281,-24.0,RIGHT,2,2
1282,-34.0,BASH,2,2
1283,-51.0,FORWARD,2,1
1284,-63.0,LEFT,2,0
1285,-75.0,BASH,2,0
1286,-96.0,FORWARD,1,0
1287,1.0,Goal,0,0
1288,36.0,Start,5,5
1289,27.0,RIGHT,5,5
1290,18.0,BASH,5,5
1291,-2.0,FORWARD,5,4
1292,-25.0,RIGHT,5,3
1293,-52.0,BASH,5,3
1294,-83.0,FORWARD,4,3
1295,-108.0,BASH,3,3
1296,-145.0,FORWARD,2,3
1297,-178.0,FORWARD,1,3
1298,-210.0,LEFT,0,3
1299,-242.0,FORWARD,0,3
1300,-277.0,BASH,0,2
1301,-313.0,FORWARD,0,1
1302,1.0,Goal,0,0
1303,25.0,Start,4,5
1304,17.0,RIGHT,4,5
1305,9.0,FORWARD,4,5
1306,-3.0,RIGHT,4,6
1307,-16.0,FORWARD,4,6
1308,-28.0,RIGHT,3,6
1309,-40.0,BASH,3,6
1310,-57.0,FORWARD,3,5
1311,-71.0,BASH,3,4
1312,-91.0,FORWARD,3,3
1313,-109.0,LEFT,3,2
1314,-128.0,FORWARD,3,2
1315,-146.0,BASH,2,2
1316,-172.0,FORWARD,1,2
1317,-195.0,RIGHT,0,2
1318,-219.0,BASH,0,2
1319,-250.0,FORWARD,0,1
1320,1.0,Goal,0,0
1321,17.0,Start,2,5
1322,11.0,BASH,2,5
1323,0.0,FORWARD,1,5
1324,-10.0,RIGHT,0,5
1325,-21.0,BASH,0,5
1326,-36.0,FORWARD,0,4
1327,-48.0,BASH,0,3
1328,-68.0,FORWARD,0,2
1329,-86.0,FORWARD,0,1
1330,1.0,Goal,0,0
1331,29.0,Start,2,8
1332,20.0,LEFT,2,8
1333,11.0,LEFT,2,8
1334,2.0,BASH,2,8
1335,-15.0,FORWARD,1,8
1336,-28.0,LEFT,0,8
1337,-42.0,BASH,0,8
1338,-63.0,FORWARD,0,7
1339,-81.0,BASH,0,6
1340,-106.0,FORWARD,0,5
1341,-133.0,BASH,0,4
1342,-166.0,FORWARD,0,3
1343,-194.0,BASH,0,2
1344,-223.0,FORWARD,0,1
1345,1.0,Goal,0,0
1346,18.0,Start,4,5
1347,10.0,LEFT,4,5
1348,2.0,FORWARD,4,5
1349,-6.0,FORWARD,4,4
1350,-14.0,BASH,4,3
1351,-30.0,FORWARD,4,2
1352,-40.0,FORWARD,4,1
1353,-53.0,RIGHT,4,0
1354,-67.0,FORWARD,4,0
1355,-80.0,BASH,3,0
1356,-102.0,FORWARD,2,0
1357,-121.0,FORWARD,1,0
1358,1.0,Goal,0,0
1359,25.0,Start,3,6
1360,17.0,RIGHT,3,6
1361,9.0,BASH,3,6
1362,-5.0,FORWARD,3,5
1363,-17.0,RIGHT,3,4
1364,-30.0,BASH,3,4
1365,-48.0,FORWARD,2,4
1366,-65.0,LEFT,1,4
1367,-83.0,FORWARD,1,4
1368,-102.0,FORWARD,1,3
1369,-128.0,BASH,1,2
1370,-156.0,FORWARD,1,1
1371,-181.0,RIGHT,1,0
1372,-206.0,FORWARD,1,0
1373,1.0,Goal,0,0
1374,15.0,Start,3,2
1375,11.0,LEFT,3,2
1376,7.0,LEFT,3,2
1377,3.0,FORWARD,3,2
1378,-3.0,RIGHT,2,2
1379,-10.0,FORWARD,2,2
1380,-21.0,BASH,2,1
1381,-34.0,FORWARD,2,0
1382,-47.0,LEFT,2,1
1383,-60.0,BASH,2,1
1384,-79.0,FORWARD,1,1
1385,-94.0,LEFT,0,1
1386,-109.0,FORWARD,0,1
1387,1.0,Goal,0,0
1388,12.0,Start,4,2
1389,7.0,LEFT,4,2
1390,2.0,BASH,4,2
1391,-9.0,FORWARD,4,1
1392,-16.0,LEFT,4,0
1393,-23.0,FORWARD,4,0
1394,-30.0,BASH,3,0
1395,-48.0,FORWARD,2,0
1396,-61.0,FORWARD,1,0
1397,1.0,Goal,0,0
1398,20.0,Start,6,3
1399,12.0,FORWARD,6,3
1400,4.0,FORWARD,5,3
1401,-10.0,RIGHT,4,3
1402,-25.0,FORWARD,4,3
1403,-39.0,BASH,4,2
1404,-57.0,FORWARD,4,1
1405,-73.0,LEFT,4,0
1406,-89.0,FORWARD,4,0
1407,-108.0,BASH,3,0
1408,-130.0,FORWARD,2,0
1409,-150.0,FORWARD,1,0
1410,1.0,Goal,0,0
1411,8.0,Start,4,1
1412,4.0,LEFT,4,1
1413,0.0,FORWARD,4,1
1414,-6.0,LEFT,4,0
1415,-13.0,FORWARD,4,0
1416,-19.0,FORWARD,3,0
1417,-25.0,BASH,2,0
1418,-35.0,FORWARD,1,0
1419,1.0,Goal,0,0
1420,22.0,Start,7,3
1421,13.0,LEFT,7,3
1422,4.0,LEFT,7,3
1423,-5.0,FORWARD,7,3
1424,-14.0,FORWARD,6,3
1425,-26.0,BASH,5,3
1426,-42.0,FORWARD,4,3
1427,-55.0,LEFT,3,3
1428,-68.0,FORWARD,3,3
1429,-81.0,RIGHT,3,2
1430,-94.0,FORWARD,3,2
1431,-115.0,BASH,2,2
1432,-137.0,FORWARD,1,2
1433,-157.0,LEFT,0,2
1434,-177.0,BASH,0,2
1435,-204.0,FORWARD,0,1
1436,1.0,Goal,0,0
1437,19.0,Start,4,5
1438,11.0,LEFT,4,5
1439,3.0,LEFT,4,5
1440,-5.0,FORWARD,4,5
1441,-13.0,BASH,3,5
1442,-26.0,FORWARD,2,5
1443,-36.0,FORWARD,1,5
1444,-46.0,LEFT,0,5
1445,-56.0,FORWARD,0,5
1446,-72.0,BASH,0,4
1447,-90.0,FORWARD,0,3
1448,-108.0,BASH,0,2
1449,-129.0,FORWARD,0,1
1450,1.0,Goal,0,0
1451,12.0,Start,5,1
1452,7.0,BASH,5,1
1453,-4.0,FORWARD,4,1
1454,-13.0,RIGHT,3,1
1455,-23.0,FORWARD,3,1
1456,-32.0,LEFT,3,0
1457,-41.0,FORWARD,3,0
1458,-52.0,BASH,2,0
1459,-71.0,FORWARD,1,0
1460,1.0,Goal,0,0
1461,18.0,Start,1,6
1462,12.0,LEFT,1,6
1463,6.0,BASH,1,6
1464,-12.0,FORWARD,1,5
1465,-26.0,RIGHT,1,4
1466,-41.0,FORWARD,1,4
1467,-55.0,LEFT,0,4
1468,-69.0,BASH,0,4
1469,-88.0,FORWARD,0,3
1470,-104.0,BASH,0,2
1471,-125.0,FORWARD,0,1
1472,1.0,Goal,0,0
1473,6.0,Start,2,2
1474,3.0,FORWARD,2,2
1475,-2.0,FORWARD,1,2
1476,-6.0,LEFT,0,2
1477,-10.0,BASH,0,2
1478,-23.0,FORWARD,0,1
1479,1.0,Goal,0,0
1480,31.0,Start,3,7
1481,22.0,RIGHT,3,7
1482,13.0,FORWARD,3,7
1483,-4.0,BASH,3,6
1484,-26.0,FORWARD,3,5
1485,-48.0,BASH,3,4
1486,-73.0,FORWARD,3,3
1487,-101.0,BASH,3,2
1488,-130.0,FORWARD,3,1
1489,-158.0,LEFT,3,0
1490,-186.0,FORWARD,3,0
1491,-216.0,BASH,2,0
1492,-248.0,FORWARD,1,0
1493,1.0,Goal,0,0
1494,20.0,Start,7,3
1495,11.0,FORWARD,7,3
1496,0.0,LEFT,6,3
1497,-12.0,FORWARD,6,3
1498,-23.0,RIGHT,6,2
1499,-34.0,FORWARD,6,2
1500,-48.0,BASH,5,2
1501,-73.0,FORWARD,4,2
1502,-92.0,FORWARD,3,2
1503,-110.0,FORWARD,2,2
1504,-128.0,LEFT,1,2
1505,-146.0,FORWARD,1,2
1506,-166.0,RIGHT,1,1
1507,-187.0,FORWARD,1,1
1508,-207.0,LEFT,0,1
1509,-227.0,FORWARD,0,1
1510,1.0,Goal,0,0
1511,6.0,Start,1,2
1512,4.0,LEFT,1,2
1513,2.0,BASH,1,2
1514,-6.0,FORWARD,1,1
1515,-12.0,LEFT,1,0
1516,-19.0,FORWARD,1,0
1517,1.0,Goal,0,0
1518,3.0,Start,2,0
1519,2.0,LEFT,2,0
1520,1.0,LEFT,2,0
1521,0.0,BASH,2,0
1522,-9.0,FORWARD,1,0
1523,1.0,Goal,0,0
1524,25.0,Start,3,5
1525,18.0,LEFT,3,5
1526,11.0,BASH,3,5
1527,-4.0,FORWARD,3,4
1528,-13.0,FORWARD,3,3
1529,-25.0,LEFT,3,2
1530,-38.0,FORWARD,3,2
1531,-53.0,RIGHT,2,2
1532,-69.0,BASH,2,2
1533,-95.0,FORWARD,2,1
1534,-117.0,FORWARD,2,0
1535,-140.0,LEFT,2,1
1536,-163.0,BASH,2,1
1537,-193.0,FORWARD,1,1
1538,-218.0,LEFT,0,1
1539,-243.0,FORWARD,0,1
1540,1.0,Goal,0,0
1541,1.0,Start,2,0
1542,0.0,FORWARD,2,0
1543,-1.0,FORWARD,1,0
1544,1.0,Goal,0,0
1545,20.0,Start,5,4
1546,12.0,LEFT,5,4
1547,4.0,LEFT,5,4
1548,-4.0,FORWARD,5,4
1549,-14.0,FORWARD,4,4
1550,-26.0,LEFT,3,4
1551,-39.0,FORWARD,3,4
1552,-53.0,BASH,3,3
1553,-72.0,FORWARD,3,2
1554,-89.0,FORWARD,3,1
1555,-105.0,RIGHT,3,0
1556,-121.0,FORWARD,3,0
1557,-140.0,BASH,2,0
1558,-167.0,FORWARD,1,0
1559,1.0,Goal,0,0
1560,5.0,Start,2,2
1561,2.0,LEFT,2,2
1562,-1.0,FORWARD,2,2
1563,-4.0,RIGHT,2,1
1564,-7.0,BASH,2,1
1565,-14.0,FORWARD,1,1
1566,-19.0,LEFT,0,1
1567,-24.0,FORWARD,0,1
1568,1.0,Goal,0,0
1569,22.0,Start,7,1
1570,15.0,LEFT,7,1
1571,8.0,FORWARD,7,1
1572,-1.0,RIGHT,7,2
1573,-10.0,BASH,7,2
1574,-31.0,FORWARD,6,2
1575,-48.0,FORWARD,5,2
1576,-64.0,BASH,4,2
1577,-84.0,FORWARD,3,2
1578,-102.0,BASH,2,2
1579,-124.0,FORWARD,1,2
1580,-144.0,RIGHT,0,2
1581,-164.0,BASH,0,2
1582,-186.0,FORWARD,0,1
1583,1.0,Goal,0,0
1584,31.0,Start,5,8
1585,19.0,RIGHT,5,8
1586,7.0,BASH,5,8
1587,-13.0,FORWARD,5,7
1588,-31.0,FORWARD,5,6
1589,-48.0,BASH,5,5
1590,-70.0,FORWARD,5,4
1591,-91.0,LEFT,5,3
1592,-113.0,BASH,5,3
1593,-138.0,FORWARD,4,3
1594,-161.0,FORWARD,3,3
1595,-184.0,BASH,2,3
1596,-213.0,FORWARD,1,3
1597,-241.0,RIGHT,0,3
1598,-270.0,FORWARD,0,3
1599,-300.0,BASH,0,2
1600,-335.0,FORWARD,0,1
1601,1.0,Goal,0,0
1602,8.0,Start,2,3
1603,4.0,RIGHT,2,3
1604,0.0,BASH,2,3
1605,-10.0,FORWARD,2,2
1606,-16.0,RIGHT,2,1
1607,-22.0,FORWARD,2,1
1608,-28.0,FORWARD,1,1
1609,-36.0,LEFT,0,1
1610,-45.0,FORWARD,0,1
1611,1.0,Goal,0,0
1612,10.0,Start,4,1
1613,6.0,LEFT,4,1
1614,2.0,FORWARD,4,1
1615,-2.0,LEFT,4,0
1616,-6.0,BASH,4,0
1617,-20.0,FORWARD,3,0
1618,-29.0,BASH,2,0
1619,-41.0,FORWARD,1,0
1620,1.0,Goal,0,0
1621,19.0,Start,8,2
1622,10.0,LEFT,8,2
1623,1.0,FORWARD,8,2
1624,-10.0,LEFT,8,1
1625,-22.0,FORWARD,8,1
1626,-33.0,FORWARD,7,1
1627,-46.0,FORWARD,6,1
1628,-60.0,FORWARD,5,1
1629,-73.0,BASH,4,1
1630,-93.0,FORWARD,3,1
1631,-108.0,BASH,2,1
1632,-130.0,FORWARD,1,1
1633,-149.0,RIGHT,0,1
1634,-169.0,FORWARD,0,1
1635,1.0,Goal,0,0
1636,17.0,Start,4,5
1637,9.0,LEFT,4,5
1638,1.0,FORWARD,4,5
1639,-7.0,FORWARD,4,4
1640,-15.0,FORWARD,4,3
1641,-26.0,BASH,4,2
1642,-39.0,FORWARD,4,1
1643,-53.0,LEFT,4,0
1644,-68.0,FORWARD,4,0
1645,-84.0,BASH,3,0
1646,-104.0,FORWARD,2,0
1647,-121.0,FORWARD,1,0
1648,1.0,Goal,0,0
1649,17.0,Start,1,4
1650,13.0,RIGHT,1,4
1651,9.0,FORWARD,1,4
1652,3.0,FORWARD,1,3
1653,-13.0,BASH,1,2
1654,-31.0,FORWARD,1,1
1655,-48.0,LEFT,1,0
1656,-66.0,FORWARD,1,0
1657,1.0,Goal,0,0
